patId,referenceId,name,description,period,status,statusReason,observationId,qualifyingDxId
123,NQF2372,MU Breast Cancer Screening,Percentage of women 50 through 74 years of age who had a mammogram to screen for breast cancer within 27 months,24,Red,Due Now,10131,
123,NQF0421,MU BMI Screening,todo,12,Green,found BMI,10123,
123,NQF2372,MU Cervical Cancer Screening,todo,36,Yellow,Due soon,10144,
123,NQF0018,MU Controlling High Blood Pressure,todo,12,Grey,Not Indicated,10127,
123,NQF0059,MU Diabetes A1C Poor Control,todo,12,Green,A1c in range,10143,10146
123,NQF0055,MU Diabetes Eye Exam,todo,12,Red,Not found,,10146
